iter,fitness,solution
1,180225.0,225.0
2,179225.8,225.8
3,112289.0,288.9999999999998
4,104300.31940298507,300.31940298507436
5,100305.9791044776,305.97910447761166
