iter,fitness,solution
1,304100.0,100.0
2,301102.04,102.04
3,166238.72,238.71999999999858
4,100305.54133333333,305.54133333333124
