iter,fitness,solution
1,113287.5,287.5
2,113287.63,287.63
3,113287.50254234472,287.502542344728
