iter,fitness,timestep,solution
1,46.565928435802505,20:57:47.527,34.8632965997559,5.807702703943279,18.08708476387956,66.55434579047233,61.36441941658065
2,46.565928435802505,20:59:29.905,35.04860597336439,5.807702703943279,18.08708476387956,66.55434579047233,61.36441941658065
3,46.565928435802505,21:01:10.490,34.902403610704056,5.807702703943279,18.08708476387956,66.55434579047233,61.36441941658065
4,46.565928435802505,21:02:54.640,34.87154959999824,5.807702703943279,18.08708476387956,66.55434579047233,61.36441941658065
5,46.565928435802505,21:04:47.801,34.86503828267537,5.807702703943279,18.08708476387956,66.55434579047233,61.36441941658065
6,46.565928435802505,21:06:52.097,34.86366415813502,5.807702703943279,18.08708476387956,66.55434579047233,61.36441941658065
7,46.565928435802505,21:11:32.668,34.8633129694588,5.807702703943279,18.08708476387956,66.55434579047233,61.36441941658065
