iter,fitness,timestep,solution
1,29.016061133034192,20:57:48.472,34.733611401815025,35.52093323818853,29.270024601648927,52.836074044632554,40.58174977105318
2,29.016061133034192,20:59:33.543,35.544456367956606,36.331778204330114,29.270024601648927,52.18108731435572,41.02676304077635
3,29.016061133034192,21:01:19.532,34.90472915128813,35.69205098766164,29.270024601648927,52.69784804595237,40.6756637402834
4,29.016061133034192,21:03:10.740,34.76972346442556,35.55704530079907,29.270024601648927,52.80690333654346,40.601569030874494
5,29.016061133034192,21:05:01.655,34.74123235913829,35.528554195511795,29.270024601648927,52.82991796532371,40.58593235499766
6,29.016061133034192,21:07:10.688,34.735219700713635,35.52254153708714,29.270024601648927,52.834774888220544,40.58263244823741
7,29.016061133034192,21:09:35.551,34.73395081131931,35.52127264769282,29.270024601648927,52.835799875425465,40.58193604801066
