iter,fitness,timestep,solution
1,35.565928435802505,20:57:47.519,36.52034883296195,28.718107955879237,52.624009940784426,62.844964457402234,21.552361665985057
2,35.565928435802505,20:59:29.911,36.73821959582838,29.618107955879243,51.524009940784424,62.844964457402234,21.552361665985057
3,35.565928435802505,21:01:10.372,36.56347200831545,28.896245018913913,52.40628686374205,62.844964457402234,21.552361665985057
4,35.565928435802505,21:02:53.452,36.529449389819,28.755701348694256,52.57806246067718,62.844964457402234,21.552361665985057
5,35.565928435802505,21:04:48.483,36.52226938112264,28.726041527698985,52.61431335300473,62.844964457402234,21.552361665985057
6,35.565928435802505,21:06:47.664,36.52075413840595,28.719782227795285,52.62196360844259,62.844964457402234,21.552361665985057
7,35.565928435802505,21:09:11.659,36.52043436713719,28.718461288087294,52.62357809030791,62.844964457402234,21.552361665985057
8,35.565928435802505,21:13:51.570,36.52035264234058,28.71812369200063,52.62399070774717,62.844964457402234,21.552361665985057
