iter,fitness,timestep,solution
1,29.016061133034192,20:57:49.532,41.57435257181645,25.652741982207125,45.46293652550302,64.32354186118253,26.46702668719807
2,29.016061133034192,20:59:33.838,41.1482758726908,25.652741982207125,45.015678095626505,64.03438682732411,26.46702668719807
3,29.016061133034192,21:01:19.884,41.48443490703245,25.652741982207125,45.36854874590375,64.26251964274523,26.46702668719807
4,29.016061133034192,21:03:11.143,41.55537667743687,25.652741982207125,45.443017274478194,64.31066395588266,26.46702668719807
5,29.016061133034192,21:05:02.120,41.5703479686234,25.652741982207125,45.45873283978147,64.32082415525248,26.46702668719807
6,29.016061133034192,21:07:05.310,41.57350745503761,25.652741982207125,45.4620493950771,64.3229683264849,26.46702668719807
7,29.016061133034192,21:09:33.202,41.57417422146925,25.652741982207125,45.46274930874974,64.32342082452226,26.46702668719807
