iter,fitness,timestep,solution
1,35.8070270229879,20:57:49.583,42.485772346540834,64.28585744771262,5.9288942497544665,57.30973293386198,2.314665861598656
2,35.8070270229879,20:59:32.837,41.38577234654083,64.28585744771262,5.9288942497544665,57.30973293386198,2.314665861598656
3,35.8070270229879,21:01:18.933,42.25363237863043,64.28585744771262,5.9288942497544665,57.30973293386198,2.314665861598656
4,35.8070270229879,21:03:10.950,42.43678237863043,64.28585744771262,5.9288942497544665,57.30973293386198,2.314665861598656
5,35.8070270229879,21:05:04.923,42.47543368328751,64.28585744771262,5.9288942497544665,57.30973293386198,2.314665861598656
6,35.8070270229879,21:07:11.227,42.483590512944595,64.28585744771262,5.9288942497544665,57.30973293386198,2.314665861598656
7,35.8070270229879,21:09:38.829,42.485311900376274,64.28585744771262,5.9288942497544665,57.30973293386198,2.314665861598656
8,35.8070270229879,21:14:13.236,42.48575183995645,64.28585744771262,5.9288942497544665,57.30973293386198,2.314665861598656
