iter,fitness,timestep,solution
1,35.8070270229879,20:57:49.617,32.21627567973049,71.77117793547453,14.685868620449778,56.972150943155015,51.85932732780681
2,35.8070270229879,20:59:34.218,32.21627567973049,71.77117793547453,14.685868620449778,56.972150943155015,51.475631674672144
3,35.8070270229879,21:01:23.410,32.21627567973049,71.77117793547453,14.685868620449778,56.972150943155015,51.7783536036195
4,35.8070270229879,21:03:12.582,32.21627567973049,71.77117793547453,14.685868620449778,56.972150943155015,51.84223892986642
5,35.8070270229879,21:05:06.715,32.21627567973049,71.77117793547453,14.685868620449778,56.972150943155015,51.85572105494361
6,35.8070270229879,21:07:10.902,32.21627567973049,71.77117793547453,14.685868620449778,56.972150943155015,51.85856627320069
7,35.8070270229879,21:09:43.110,32.21627567973049,71.77117793547453,14.685868620449778,56.972150943155015,51.859166717632405
