iter,fitness,timestep,solution
1,39.25378313194824,20:57:48.543,34.035439198780956,11.945366870171954,10.398763558176302,59.913266011590416,24.879420359155038
2,39.25378313194824,20:59:34.450,34.38011480967699,11.945366870171954,10.398763558176302,59.18205148120499,24.879420359155038
3,39.25378313194824,21:01:21.640,34.108178276283596,11.945366870171954,10.398763558176302,59.75895317739106,24.879420359155038
4,39.25378313194824,21:03:10.837,34.050789787069405,11.945366870171954,10.398763558176302,59.880700396700234,24.879420359155038
5,39.25378313194824,21:04:58.127,34.03867873066522,11.945366870171954,10.398763558176302,59.90639348359443,24.879420359155038
6,39.25378313194824,21:06:59.367,34.03612285771519,11.945366870171954,10.398763558176302,59.91181565847364,24.879420359155038
7,39.25378313194824,21:09:31.091,34.03558347565646,11.945366870171954,10.398763558176302,59.91295993438497,24.879420359155038
