iter,fitness,timestep,solution
1,-12.168918338301168,11:01:55.840,-1.10106875,-1.10106875
