iter,fitness,timestep,solution
1,-12.664536239794899,11:01:55.887,2.03774,2.03774
