iter,fitness,timestep,solution
1,-12.664536239794899,11:01:55.882,1.58933875,1.58933875
