iter,fitness,timestep,solution
1,-12.168918338301168,11:01:55.840,-0.6526675,-0.6526675
