iter,fitness,timestep,solution
1,-19.977331531067524,11:01:55.879,0.6925362499999999,0.6925362499999999
