iter,fitness,timestep,solution
1,-12.168918338301168,11:01:57.891,-1.54947,-1.54947
