iter,grad
1,[0.99999597]
2,[0.99999597]
3,[1.00000179]
4,[1.00000179]
5,[0.99999597]
6,[0.99999597]
7,[1.00000179]
7,[0.09268406]
