iter,fitness,timestep,solution
1,100305.47040149827,14:06:33.706,305.4704014982704
