iter,fitness,timestep,solution
1,1195.9007257246913,00:26:21.710,41.625,63.875,63.875,65.125,63.875
2,1195.9007257246913,00:27:15.359,41.532840361889384,63.875,63.875,65.22681239191729,63.875
3,1195.9007257246913,00:28:05.098,41.60555096778766,63.875,63.875,65.14648611399318,63.875
4,1195.9007257246913,00:28:54.773,41.62089554753295,63.875,63.875,65.12953435073909,63.875
5,1195.9007257246913,00:29:47.507,41.624133811396305,63.875,63.875,65.12595691275922,63.875
6,1195.9007257246913,00:30:36.208,41.624817202732174,63.875,63.875,65.12520194336105,63.875
