iter,fitness,timestep,solution
1,1196.1694537722692,00:26:21.702,40.25,54.75,54.75,63.25,54.75
2,1196.1694537722692,00:27:15.422,40.125858854237094,54.75,54.75,63.536308499370534,54.75
3,1196.1694537722692,00:28:05.247,40.223801707642025,54.75,54.75,63.310421496233076,54.75
4,1196.1694537722692,00:28:54.930,40.24447120841153,54.75,54.75,63.26275113108792,54.75
5,1196.1694537722692,00:29:45.677,40.248833224089196,54.75,54.75,63.25269095196497,54.75
6,1196.1694537722692,00:30:35.461,40.24975376788863,54.75,54.75,63.25056788863894,54.75
