iter,fitness,timestep,solution
1,1196.7737979805938,00:26:21.708,38.875,45.625,45.625,61.375,45.625
2,1196.7737979805938,00:27:15.608,38.76076694151811,45.62500000000023,45.62500000000023,61.73647291430302,45.62500000000023
3,1196.7737979805938,00:28:05.548,38.850892674063374,45.62500000000005,45.62500000000005,61.45128391884252,45.62500000000005
4,1196.7737979805938,00:28:55.140,38.869912478300634,45.62500000000001,45.62500000000001,61.391098678610994,45.62500000000001
5,1196.7737979805938,00:29:49.939,38.873926348069034,45.625,45.625,61.378397406123845,45.625
6,1196.7737979805938,00:30:38.741,38.87477342043198,45.625,45.625,61.37571697613514,45.625
7,1196.7737979805938,00:32:14.374,38.874989908976595,45.625,45.625,61.375031931488905,45.625
