iter,fitness,timestep,solution
1,46.565928435802505,19:28:07.588,32.638919733850194,13.388529219300668,33.29310884784362,66.2332830588,2.510362041410943
2,46.565928435802505,19:29:33.228,33.72320829642411,13.388529219300668,34.39310884784362,66.2332830588,2.510362041410943
3,46.565928435802505,19:30:59.111,32.86710153985021,13.388529219300668,33.52459702844767,66.2332830588,2.510362041410943
4,46.565928435802505,19:32:31.125,32.687074385779816,13.388529219300668,33.34196126495004,66.2332830588,2.510362041410943
5,46.565928435802505,19:34:14.084,32.64908211508081,13.388529219300668,33.303418482879465,66.2332830588,2.510362041410943
6,46.565928435802505,19:36:09.188,32.64106436553453,13.388529219300668,33.295284555431245,66.2332830588,2.510362041410943
7,46.565928435802505,19:38:20.610,32.63937232905963,13.388529219300668,33.29356800119778,66.2332830588,2.510362041410943
8,46.565928435802505,19:40:45.028,32.63901524788419,13.388529219300668,33.293205745884435,66.2332830588,2.510362041410943
