iter,fitness,timestep,solution
1,37.56592843580244,19:28:07.590,38.5852433261674,60.76831277843079,10.183051827599053,61.11317277852157,32.13113204299089
2,37.56592843580244,19:29:36.368,38.76113346744886,60.76831277843079,10.183051827599053,61.11317277852157,32.81123607499256
3,37.56592843580244,19:31:02.110,38.622362536851796,60.76831277843079,10.183051827599053,61.11317277852157,32.27465870495871
4,37.56592843580244,19:32:33.744,38.593076828328435,60.76831277843079,10.183051827599053,61.11317277852157,32.16142138363043
5,37.56592843580244,19:34:18.736,38.586896479749484,60.76831277843079,10.183051827599053,61.11317277852157,32.13752419441279
6,37.56592843580244,19:36:13.718,38.58559220163967,60.76831277843079,10.183051827599053,61.11317277852157,32.132481019196305
7,37.56592843580244,19:38:18.131,38.58531695156825,60.76831277843079,10.183051827599053,61.11317277852157,32.131416725984565
