iter,fitness,timestep,solution
1,40.01606113303419,19:28:07.586,38.6122651291753,38.30721950915336,14.57618609756026,64.12596022174692,18.890938656801236
2,40.01606113303419,19:29:36.308,39.03316854017993,38.72812292015799,14.57618609756026,64.12596022174692,18.890938656801236
3,40.01606113303419,19:31:03.059,38.70109104219711,38.39604542217518,14.57618609756026,64.12596022174692,18.890938656801236
4,40.01606113303419,19:32:36.015,38.63101062426484,38.3259650042429,14.57618609756026,64.12596022174692,18.890938656801236
5,40.01606113303419,19:34:24.107,38.61622110974671,38.311175489724775,14.57618609756026,64.12596022174692,18.890938656801236
6,40.01606113303419,19:36:20.295,38.6130999848143,38.30805436479236,14.57618609756026,64.12596022174692,18.890938656801236
7,40.01606113303419,19:38:37.800,38.612441314049164,38.30739569402723,14.57618609756026,64.12596022174692,18.890938656801236
