iter,fitness,timestep,solution
1,33.71283469971763,19:28:07.588,40.05193335992546,70.80341920782558,44.6652613147337,52.69675619079997,49.949010935387456
2,33.71283469971763,19:29:34.262,38.951933359925455,70.80341920782558,44.45584208240667,52.69675619079997,49.949010935387456
3,33.71283469971763,19:30:59.804,39.81979339201506,70.80341920782558,44.62106624757713,52.69675619079997,49.949010935387456
4,33.71283469971763,19:32:30.691,40.002943392015055,70.80341920782558,44.655934549759586,52.69675619079997,49.949010935387456
5,33.71283469971763,19:34:15.536,40.041594696672135,70.80341920782558,44.66329302844115,52.69675619079997,49.949010935387456
6,33.71283469971763,19:36:09.651,40.04975152632922,70.80341920782558,44.66484593480934,52.69675619079997,49.949010935387456
7,33.71283469971763,19:38:14.290,40.0514729137609,70.80341920782558,44.66517365447705,52.69675619079997,49.949010935387456
8,33.71283469971763,19:42:47.678,40.05191285334107,70.80341920782558,44.66525741066719,52.69675619079997,49.949010935387456
