iter,fitness,timestep,solution
1,35.8070270229879,19:28:07.586,41.527937603524286,22.209683736046255,57.31784518168999,66.4844804961184,66.38038935175109
2,35.8070270229879,19:29:35.280,40.427937603524285,22.888780325041626,56.89694177068536,66.4844804961184,66.38038935175109
3,35.8070270229879,19:31:03.053,41.29579763561389,22.352997790934847,57.229019268668175,66.4844804961184,66.38038935175109
4,35.8070270229879,19:32:35.942,41.478947635613885,22.239928208867116,57.29909968660045,66.4844804961184,66.38038935175109
5,35.8070270229879,19:34:19.984,41.517598940270965,22.216066418728165,57.31388920111858,66.4844804961184,66.38038935175109
6,35.8070270229879,19:36:14.251,41.52575576992805,22.211030714003492,57.31701032605099,66.4844804961184,66.38038935175109
7,35.8070270229879,19:38:21.788,41.527477157359726,22.209967997336953,57.31766899681613,66.4844804961184,66.38038935175109
8,35.8070270229879,19:40:49.374,41.5278404326535,22.209743725507074,57.317808000280024,66.4844804961184,66.38038935175109
