iter,fitness,timestep,solution
1,35.8070270229879,19:28:07.590,33.716205044866804,15.500755079514159,21.326559343070926,54.557861855309376,8.908791143668854
2,35.8070270229879,19:29:33.234,33.716205044866804,15.500755079514159,21.350669201789465,53.481971714027914,8.908791143668854
3,35.8070270229879,19:30:59.209,33.716205044866804,15.500755079514159,21.33164739927933,54.33080994360738,8.908791143668854
4,35.8070270229879,19:32:33.217,33.716205044866804,15.500755079514159,21.327633107802694,54.50994565213074,8.908791143668854
5,35.8070270229879,19:34:17.314,33.716205044866804,15.500755079514159,21.326785946443994,54.54774979542913,8.908791143668854
6,35.8070270229879,19:36:14.699,33.716205044866804,15.500755079514159,21.326607164616156,54.55572784325837,8.908791143668854
7,35.8070270229879,19:38:21.149,33.716205044866804,15.500755079514159,21.32656943515454,54.55741150122843,8.908791143668854
