iter,fitness,timestep,solution
1,35.565928435802505,19:28:09.565,33.71593972369823,13.273222606118345,26.744414560439495,52.975773894779195,36.147914438122726
2,35.565928435802505,19:29:36.540,34.81593972369823,13.273222606118345,26.744414560439495,52.0,37.24791443812273
3,35.565928435802505,19:31:02.463,33.94807969160863,13.273222606118345,26.744414560439495,52.76985014875933,36.38005440603313
4,35.565928435802505,19:32:34.172,33.76492969160863,13.273222606118345,26.744414560439495,52.93231650224007,36.19690440603313
5,35.565928435802505,19:34:17.217,33.72627838695155,13.273222606118345,26.744414560439495,52.96660280595238,36.15825310137605
6,35.565928435802505,19:36:13.386,33.71812155729447,13.273222606118345,26.744414560439495,52.97383846181014,36.150096271718965
7,35.565928435802505,19:38:21.741,33.71640016986279,13.273222606118345,26.744414560439495,52.97536544809981,36.148374884287286
8,35.565928435802505,19:40:41.497,33.716036894569015,13.273222606118345,26.744414560439495,52.97568769768915,36.148011608993514
