iter,fitness,timestep,solution
1,35.8070270229879,19:28:07.586,42.457857370509075,1.5026680835935786,21.25972723445706,60.88621853293064,7.130064322466023
2,35.8070270229879,19:29:32.244,41.35785737050907,1.5026680835935786,21.2838370931756,60.88621853293064,7.130064322466023
3,35.8070270229879,19:30:59.001,42.22571740259867,1.5026680835935786,21.264815290665464,60.88621853293064,7.130064322466023
4,35.8070270229879,19:32:30.863,42.40886740259867,1.5026680835935786,21.260800999188827,60.88621853293064,7.130064322466023
5,35.8070270229879,19:34:17.049,42.44751870725575,1.5026680835935786,21.25995383783013,60.88621853293064,7.130064322466023
6,35.8070270229879,19:36:11.187,42.455675536912835,1.5026680835935786,21.25977505600229,60.88621853293064,7.130064322466023
7,35.8070270229879,19:38:18.584,42.457396924344515,1.5026680835935786,21.259737326540673,60.88621853293064,7.130064322466023
8,35.8070270229879,19:42:47.921,42.45783686392468,1.5026680835935786,21.259727683921472,60.88621853293064,7.130064322466023
