iter,fitness,timestep,solution
1,35.8070270229879,21:58:14.918,35.32565829895024,14.925014230400773,70.68309502751602,53.47520250749575,54.76053499098263
2,35.8070270229879,22:00:08.937,34.435077531277265,14.925014230400773,70.68309502751602,53.47520250749575,54.76053499098263
3,35.8070270229879,22:02:08.714,35.1377133981964,14.925014230400773,70.68309502751602,53.47520250749575,54.76053499098263
4,35.8070270229879,22:04:44.477,35.28599509601395,14.925014230400773,70.68309502751602,53.47520250749575,54.76053499098263
5,35.8070270229879,22:08:04.550,35.30377942233395,14.925014230400773,70.68309502751602,53.47520250749575,54.76053499098263
6,35.8070270229879,22:10:10.883,35.321041061026946,14.925014230400773,70.68309502751602,53.47520250749575,54.76053499098263
7,35.8070270229879,22:12:12.047,35.324683893983554,14.925014230400773,70.68309502751602,53.47520250749575,54.76053499098263
8,35.8070270229879,22:14:55.933,35.32545266409779,14.925014230400773,70.68309502751602,53.47520250749575,54.76053499098263
