iter,fitness,timestep,solution
1,35.8070270229879,21:58:14.003,32.00125812299079,50.02102352896344,58.454353513314175,65.1721375514412,1.3350442461260017
2,35.8070270229879,22:00:05.824,32.00125812299079,49.637327875828774,58.454353513314175,65.1721375514412,1.3350442461260017
3,35.8070270229879,22:02:05.204,32.00125812299079,49.94004980477613,58.454353513314175,65.1721375514412,1.3350442461260017
4,35.8070270229879,22:04:43.955,32.00125812299079,50.00393513102305,58.454353513314175,65.1721375514412,1.3350442461260017
5,35.8070270229879,22:08:10.610,32.00125812299079,50.01741725610024,58.454353513314175,65.1721375514412,1.3350442461260017
6,35.8070270229879,22:10:18.897,32.00125812299079,50.02026247435732,58.454353513314175,65.1721375514412,1.3350442461260017
7,35.8070270229879,22:12:30.161,32.00125812299079,50.020862918789035,58.454353513314175,65.1721375514412,1.3350442461260017
