iter,fitness,timestep,solution
1,35.8070270229879,21:58:14.003,33.61431479898825,64.10257285653901,22.879965005624726,58.31661437507578,72.18685949017411
2,35.8070270229879,22:00:03.641,33.61431479898825,64.10257285653901,22.904074864343265,57.24072423379432,72.18685949017411
3,35.8070270229879,22:02:02.312,33.61431479898825,64.10257285653901,22.88505306183313,58.08956246337378,72.18685949017411
4,35.8070270229879,22:04:43.779,33.61431479898825,64.10257285653901,22.881038770356493,58.26869817189714,72.18685949017411
5,35.8070270229879,22:08:06.495,33.61431479898825,64.10257285653901,22.880191608997794,58.30650231519553,72.18685949017411
6,35.8070270229879,22:10:12.894,33.61431479898825,64.10257285653901,22.880012827169956,58.31448036302477,72.18685949017411
7,35.8070270229879,22:12:14.143,33.61431479898825,64.10257285653901,22.87997509770834,58.31616402099483,72.18685949017411
