iter,fitness,timestep,solution
1,35.565928435802505,21:58:14.018,35.80116799747353,30.46325057280027,65.30628643578085,62.3781567092571,57.61739097695866
2,35.565928435802505,22:00:03.595,35.98647737108202,31.364860269536987,65.30628643578085,62.3781567092571,56.51739097695866
3,35.565928435802505,22:02:03.800,35.839783025697095,30.651129271045104,65.30628643578085,62.3781567092571,57.38817142794834
4,35.565928435802505,22:04:46.156,35.809317171485056,30.50289980460173,65.30628643578085,62.3781567092571,57.56901732354803
5,35.565928435802505,22:08:11.799,35.80288776928583,30.471618001343963,65.30628643578085,62.3781567092571,57.60718237845825
6,35.565928435802505,22:10:20.294,35.80153093181291,30.46501640424902,65.30628643578085,62.3781567092571,57.61523659175112
7,35.565928435802505,22:12:23.389,35.80124458980616,30.463623227396496,65.30628643578085,62.3781567092571,57.61693632340144
8,35.565928435802505,22:17:08.555,35.80117140861527,30.463267169470008,65.30628643578085,62.3781567092571,57.61737072835577
