iter,fitness,timestep,solution
1,35.8070270229879,21:58:14.986,34.04886232515438,48.944128243023364,63.976408117610795,59.99747927459526,20.47241142070158
2,35.8070270229879,22:00:09.447,33.15828155748141,48.944128243023364,63.976408117610795,59.99747927459526,21.227735809805544
3,35.8070270229879,22:02:07.934,33.80725373943691,48.944128243023364,63.976408117610795,59.99747927459526,20.677325858598284
4,35.8070270229879,22:04:47.069,33.99787413484953,48.944128243023364,63.976408117610795,59.99747927459526,20.51565581255405
5,35.8070270229879,22:08:10.866,34.03810196437149,48.944128243023364,63.976408117610795,59.99747927459526,20.48153755864425
6,35.8070270229879,22:10:20.252,34.04659149805725,48.944128243023364,63.976408117610795,59.99747927459526,20.474337367400814
7,35.8070270229879,22:12:29.499,34.0483830981276,48.944128243023364,63.976408117610795,59.99747927459526,20.47281786543336
8,35.8070270229879,22:15:21.632,34.04876119083927,48.944128243023364,63.976408117610795,59.99747927459526,20.472497195307938
