iter,fitness,timestep,solution
1,25.813255292307776,21:58:14.918,36.58724205172831,39.33362158224506,10.248246517452065,52.58582174849324,50.11456772075561
2,25.813255292307776,22:00:05.938,35.79728411098733,38.334244409177046,10.348869344384052,52.58582174849324,50.11456772075561
3,25.813255292307776,22:02:08.505,36.4205322235336,39.12271668689379,10.269481590011198,52.58582174849324,50.11456772075561
4,25.813255292307776,22:04:45.169,36.552060220666974,39.28911298620961,10.252727889327021,52.58582174849324,50.11456772075561
5,25.813255292307776,22:08:09.993,36.57981740706139,39.3242286512856,10.249192249745926,52.58582174849324,50.11456772075561
6,25.813255292307776,22:10:20.329,36.585675181933105,39.3316393325255,10.248446101328746,52.58582174849324,50.11456772075561
7,25.813255292307776,22:12:25.462,36.58691138527015,39.33320325553025,10.248288636901817,52.58582174849324,50.11456772075561
8,25.813255292307776,22:17:15.021,36.58722732505633,39.33360295150657,10.248248393297967,52.58582174849324,50.11456772075561
