iter,fitness,timestep,solution
1,35.8070270229879,21:58:14.003,33.01572454245677,1.99929430344861,50.53955094385993,66.36834295225754,54.616092769728276
2,35.8070270229879,22:00:05.642,32.1251437747838,1.99929430344861,50.53955094385993,66.36834295225754,54.616092769728276
3,35.8070270229879,22:02:08.240,32.719309243481845,1.99929430344861,50.53955094385993,66.36834295225754,54.616092769728276
4,35.8070270229879,22:04:45.124,32.917067539458635,1.99929430344861,50.53955094385993,66.36834295225754,54.616092769728276
5,35.8070270229879,22:08:05.887,32.982888166351245,1.99929430344861,50.53955094385993,66.36834295225754,54.616092769728276
6,35.8070270229879,22:10:15.248,33.004795489647776,1.99929430344861,50.53955094385993,66.36834295225754,54.616092769728276
7,35.8070270229879,22:12:16.302,33.0134181152128,1.99929430344861,50.53955094385993,66.36834295225754,54.616092769728276
8,35.8070270229879,22:15:03.282,33.015237802505496,1.99929430344861,50.53955094385993,66.36834295225754,54.616092769728276
9,35.8070270229879,22:17:21.783,33.01562182264162,1.99929430344861,50.53955094385993,66.36834295225754,54.616092769728276
