iter,fitness,timestep,solution
1,29.016061133034192,21:58:15.012,36.36444221653737,40.784357476539874,6.208227429993787,56.73273446509094,7.535498480167868
2,29.016061133034192,22:00:05.279,35.89476485986903,40.1052608875445,6.208227429993787,55.63273446509094,7.535498480167868
3,29.016061133034192,22:02:03.754,36.26532322880534,40.64104342165128,6.208227429993787,56.500594497180536,7.535498480167868
4,29.016061133034192,22:04:40.737,36.338440757133604,40.74676251451051,6.208227429993787,56.6718381818487,7.535498480167868
5,29.016061133034192,22:08:05.025,36.35895496385408,40.77642357355889,6.208227429993787,56.71988313669302,7.535498480167868
6,29.016061133034192,22:10:15.291,36.36328420684481,40.78268313473677,6.208227429993787,56.730022367852854,7.535498480167868
7,29.016061133034192,22:12:16.636,36.36419783441658,40.78400412958311,6.208227429993787,56.732162114031105,7.535498480167868
8,29.016061133034192,22:20:33.811,36.36444173180908,40.78435677568145,6.208227429993787,56.73273332984115,7.535498480167868
