iter,fitness,solution
1,-50.658144959179594,1.58933875,1.58933875
