iter,fitness,solution
1,-79.9093261242701,0.6925362499999999,0.6925362499999999
