iter,grad
1,[0.99999888]
2,[0.99999888]
3,[0.99999888]
4,[1.00000179]
5,[1.00000179]
5,[-1.08310487]
5,[0.]
