iter,fitness,timestep,solution
1,113287.27005942368,16:14:22.955,287.27005942368123
2,113287.40005942369,16:15:38.831,287.4000594236812
3,113287.2726017684,16:16:49.196,287.27260176840923
