iter,grad
1,[0.99999888]
2,[0.99999888]
3,[0.99999888]
4,[0.99999888]
5,[0.99999888]
5,[-1.08310196]
5,[0.]
