iter,grad
1,[0.99999997]
2,[0.99999997]
3,[0.99999997]
4,[0.99999997]
5,[0.99999997]
5,[-3.16493024]
5,[0.]
