iter,grad
1,[1.00000034]
2,[1.00000034]
3,[0.99999888]
4,[1.00000034]
5,[1.00000034]
5,[-3.16493388]
5,[0.]
