iter,grad
1,[1.00000179]
2,[1.00000179]
