iter,grad
1,[1.00000179]
2,[1.00000179]
3,[0.99999888]
4,[0.99999888]
5,[0.99999888]
5,[-3.16563528]
5,[0.]
