iter,fitness,timestep,solution
1,304100.0571874087,00:38:08.586,100.05718740867245
2,304100.0,00:39:21.929,100.0
