iter,fitness,timestep,solution
1,1193.8685046257547,23:36:11.150,39.92356942786374,30.60119955144052,14.461408703196152,54.547456293468535,60.92767404850822
2,1193.8685046257547,23:37:10.914,39.92356942786374,30.60119955144052,14.367361154110963,54.547456293468535,60.92767404850822
3,1193.8685046257547,23:38:16.777,39.92356942786374,30.60119955144052,14.441561253171852,54.547456293468535,60.92767404850822
4,1193.8685046257547,23:39:27.858,39.92356942786374,30.60119955144052,14.457220170094327,54.547456293468535,60.92767404850822
5,1193.8685046257547,23:40:34.929,39.92356942786374,30.60119955144052,14.460524770523508,54.547456293468535,60.92767404850822
6,1193.8685046257547,23:41:34.769,39.92356942786374,30.60119955144052,14.461222161284942,54.547456293468535,60.92767404850822
7,1193.8685046257547,23:42:34.723,39.92356942786374,30.60119955144052,14.461369336074645,54.547456293468535,60.92767404850822
