iter,fitness,timestep,solution
1,1194.10959826071,23:36:11.168,33.01572454245677,1.99929430344861,50.53955094385993,66.36834295225754,54.616092769728276
2,1193.9279526488956,23:37:10.916,33.007213579003455,2.1809399152630844,50.53955094385993,66.36834295225776,54.616092769728276
3,1193.9279526488956,23:38:14.755,33.00023861555035,2.399247370791559,50.53955094386016,66.36834295225776,54.61609276972805
4,1193.9279526488956,23:39:27.731,33.00574160828329,2.2270107204641043,50.53955094385998,66.36834295225776,54.616092769728226
5,1193.9279526488956,23:40:33.856,33.00690293969823,2.190662529118576,50.539550943859936,66.36834295225776,54.61609276972827
6,1193.9279526488956,23:41:32.026,33.00714802282314,2.182991740052534,50.53955094385993,66.36834295225776,54.616092769728276
7,1193.9279526488956,23:42:32.143,33.00719974426746,2.1813729248456264,50.53955094385993,66.36834295225776,54.616092769728276
8,1193.9279526488956,23:43:45.328,33.00721065937148,2.181031296018263,50.53955094385993,66.36834295225776,54.616092769728276
9,1193.9279526488956,23:44:48.433,33.00721296285503,2.180959199922588,50.53955094385993,66.36834295225776,54.616092769728276
