iter,fitness,timestep,solution
1,1193.724497020284,23:36:11.149,36.58724205172831,39.33362158224506,10.248246517452065,52.58582174849324,50.11456772075561
2,1193.724497020284,23:37:10.902,36.565320958257246,39.33362158224506,10.210299047557276,52.58582174849324,50.11456772075561
3,1193.724497020284,23:38:14.702,36.582615904514434,39.33362158224506,10.240238222502764,52.58582174849324,50.11456772075561
4,1193.724497020284,23:39:27.600,36.58626576657754,39.33362158224506,10.24655647624055,52.58582174849324,50.11456772075561
5,1193.724497020284,23:40:35.645,36.58703602008898,39.33362158224506,10.247889857350179,52.58582174849324,50.11456772075561
6,1193.724497020284,23:41:35.590,36.58719857156621,39.33362158224506,10.248171249211252,52.58582174849324,50.11456772075561
