iter,fitness,timestep,solution
1,1194.9962086621688,23:36:11.211,35.80116799747353,30.46325057280027,65.30628643578085,62.3781567092571,57.61739097695866
2,1194.9962086621688,23:37:11.068,35.8011679974733,30.30019305995237,65.39315482769835,62.3781567092571,57.47091436298595
3,1194.9962086621688,23:38:17.992,35.80116799747348,30.428839512982,65.32461882279192,62.3781567092571,57.58647908926113
4,1194.9962086621688,23:39:29.046,35.80116799747352,30.455988588871218,65.31015523553764,62.3781567092571,57.61086744548763
5,1194.9962086621688,23:40:36.205,35.80116799747353,30.461718030331028,65.30710289310025,62.3781567092571,57.61601427478933
6,1194.9962086621688,23:41:36.297,35.80116799747353,30.4629271506551,65.30645873794082,62.3781567092571,57.61710044277915
7,1194.9962086621688,23:43:39.519,35.80116799747353,30.463236168763448,65.30629410948747,62.3781567092571,57.617378037631276
