iter,fitness,timestep,solution
1,1192.2966098838008,23:36:11.168,33.61431479898825,64.10257285653901,22.879965005624726,58.31661437507578,72.18685949017411
2,1192.2966098838008,23:37:10.931,33.73262622052057,64.10257285653901,22.741698985041342,58.202805884085,73.0
3,1192.2966098838008,23:38:14.672,33.639282807713656,64.10257285653901,22.850785851459882,58.29259664830621,72.35846168277196
4,1192.2966098838008,23:39:23.518,33.61958395602852,64.10257285653901,22.873807143887017,58.31154576205617,72.22307378788595
5,1192.2966098838008,23:40:29.752,33.61542678257574,64.10257285653901,22.878665473055463,58.315544713563305,72.19450202281841
6,1192.2966098838008,23:41:30.778,33.61454946792853,64.10257285653901,22.87969075703479,58.31638863763107,72.18847234224938
7,1192.2966098838008,23:42:30.614,33.61436432266122,64.10257285653901,22.879907129207574,58.3165667362729,72.1871998605641
