iter,fitness,timestep,solution
1,1194.0487397944669,23:36:11.189,36.36444221653737,40.784357476539874,6.208227429993787,56.73273446509094,7.535498480167868
2,1194.0487397944669,23:37:11.101,36.33758512306649,40.784357476539874,6.196903733283154,56.73273446509094,7.693767549874743
3,1194.0487397944669,23:38:20.184,36.35877439397695,40.784357476539874,6.205837718547406,56.73273446509094,7.568899004497646
4,1194.0487397944669,23:39:29.470,36.36324610003984,40.784357476539874,6.207723114049722,56.73273446509094,7.54254720439152
5,1194.0487397944669,23:40:38.376,36.36418979249616,40.784357476539874,6.208121001005551,56.73273446509094,7.536986017090517
6,1194.0487397944669,23:41:38.210,36.36438894589296,40.784357476539874,6.208204969610222,56.73273446509094,7.535812404507509
7,1194.0487397944669,23:42:41.241,36.36443097449587,40.784357476539874,6.208222690036779,56.73273446509094,7.53556472960966
