iter,grad
1,[0.7845488256432701]
2,[0.7832006982278892]
3,[0.7845478100167793]
4,[0.7845488248594571]
5,[0.784548825642657]
6,[0.7845488256432677]
7,[0.7845488256432701]
8,[0.7845488256432672]
9,[0.7845488256432701]
10,[0.7845488256432687]
11,[0.7845488256432701]
12,[0.7845488256432687]
13,[0.7845488256432701]
