iter,grad
1,"[0.0, 522.7509076541736]"
2,"[208.51190902648113, 0.0]"
3,"[208.51190902648113, 0.0]"
4,"[364.5276640041601, 2142.11700155559]"
5,"[208.51190902648113, -699.4358463056102]"
6,"[247.95480902648137, -308.94104176276187]"
