iter,fitness,solution
1,-91.93041145397669,0.244135,0.244135
2,-55.61369379712613,0.244135,-1.54947
3,-57.077141184949134,0.244135,-0.3107483578483966
4,-181.29137500398838,0.244135,0.09501043361635136
5,-150.22377916380958,0.244135,-0.01017776947918242
6,-173.068000708482,0.244135,0.06328201458577828
