iter,fitness,solution
1,-91.93041145397669,0.244135,0.244135
