iter,fitness,solution
1,21895.117435672993,350.0
2,22029.14562838543,349.21545117435676
3,21895.21840011021,349.9994017881384
4,21895.11751359262,349.99999953833014
5,21895.117435733948,349.9999999996437
6,21895.117435673234,349.9999999999997
7,21895.117435672993,350.0
8,21895.117435673284,349.9999999999999
9,21895.117435672993,350.0
10,21895.11743567314,349.99999999999994
11,21895.117435672993,350.0
12,21895.11743567314,349.99999999999994
13,21895.117435672993,350.0
