iter,fitness,timestep,solution
1,-12.664536239794899,22:38:28.182,1.58933875,1.58933875
