iter,fitness,timestep,solution
1,-12.168918338301168,22:38:28.182,-1.10106875,-1.10106875
