iter,fitness,timestep,solution
1,-19.977331531067524,22:38:28.194,0.6925362499999999,0.6925362499999999
