iter,fitness,timestep,solution
1,-50.658144959179594,15:21:29.035,1.58933875,1.58933875
