iter,fitness,timestep,solution
1,-48.67567335320467,15:21:29.047,-0.6526675,-0.6526675
