iter,fitness,timestep,solution
1,-50.658144959179594,15:21:29.053,2.03774,2.03774
