iter,fitness,timestep,solution
1,-48.67567335320467,15:21:29.047,-1.54947,-1.54947
