iter,fitness,timestep,solution
1,-79.9093261242701,15:21:29.035,0.6925362499999999,0.6925362499999999
