iter,fitness,timestep,solution
1,-12.168918338301168,22:38:30.193,-0.6526675,-0.6526675
