iter,fitness,timestep,solution
1,-12.664536239794899,22:38:28.194,2.03774,2.03774
