iter,fitness,timestep,solution
1,-48.67567335320467,15:21:29.056,-1.10106875,-1.10106875
