iter,fitness,timestep,solution
1,-12.664536239794899,13:09:53.656,1.870045219930431,1.609528228698756
