iter,fitness,timestep,solution
1,-12.168918338301168,13:09:53.548,-0.6157203458536039,-1.26408028470394
