iter,fitness,timestep,solution
1,-11.324743703480047,13:09:53.558,1.5728221171950607,-0.288897773068586
2,-12.664536239794899,13:11:38.298,1.5728221171950607,2.03774
