iter,fitness,timestep,solution
1,-12.428008457789467,13:09:53.658,-1.4789403380830917,1.9773558520810077
