iter,fitness,timestep,solution
1,-11.150513991965546,12:29:31.351,1.557685731885305,-0.4580891836331167
2,-12.664536239794899,12:30:49.858,1.557685731885305,1.284207931511894
