iter,fitness,timestep,solution
1,-56.62242860152216,16:47:47.118,-0.24531085350556792,1.6896861128289578
