iter,fitness,timestep,solution
1,-12.168918338301168,12:29:32.145,-1.341111885594113,-0.8915595082086636
