iter,fitness,timestep,solution
1,-43.621159426097186,16:47:47.973,1.0094369607893672,-1.3571238761987394
