iter,fitness,timestep,solution
1,-19.977331531067524,12:29:32.188,0.6068557812753559,0.33294151911547987
