iter,fitness,timestep,solution
1,-80.43829274217825,16:47:47.214,-0.9333556361907657,0.5943973152648225
