iter,fitness,timestep,solution
1,-43.621159426097186,16:47:47.973,1.2040598015202226,-1.123415067362414
