iter,fitness,timestep,solution
1,-10.905289856524297,12:29:31.293,1.8609418670967153,-1.4756290962171543
