iter,fitness,timestep,solution
1,-12.168918338301168,12:29:31.351,-0.9898848967047704,-0.8972256593850165
