iter,fitness,timestep,solution
1,-48.67567335320467,16:47:47.958,-0.6820478451075046,-1.5183173771125524
