iter,fitness,timestep,solution
1,-50.658144959179594,16:47:47.070,1.3864093250054546,1.562997511627155
