{"Wind-0.wind_0-wind_gen": 19.279565378891444, "custom_step": 95.0, "_timestamp": 1686737566.5766237, "_runtime": 24.96835970878601, "_step": 1535, "PV-0.pv_0-pv_gen": 0.0, "Load-0.load_0-load_dem": 54.88861075, "Controller-0.ctrl_0-flow2b": 0, "Controller-0.ctrl_0-flow2e": 0, "Controller-0.ctrl_0-dump": 0, "Electrolyser-0.electro_0-h2_gen": 0, "Battery-0.Battery_0-p_out": 0, "Battery-0.Battery_0-p_in": 0, "Battery-0.Battery_0-mod": 0, "Battery-0.Battery_0-flag": -1, "Battery-0.Battery_0-soc": 10, "H2storage-0.h2storage_0-h2_given": -2.0084063943095627, "H2storage-0.h2storage_0-h2_stored": 0, "H2storage-0.h2storage_0-h2_soc": 49.942, "Fuelcell-0.fc_0-fc_gen": 8.902261342777136}