iter,fitness,timestep,solution
1,113287.27005942368,10:27:48.501,287.27005942368123
2,113287.40005942369,10:29:10.917,287.4000594236812
3,113287.2726017684,10:30:38.317,287.27260176840923
