iter,fitness,timestep,solution
1,-50.658144959179594,21:04:54.553,0.8111527532697074,1.2476244469136852
