iter,fitness,timestep,solution
1,-12.168918338301168,14:07:11.254,-0.4649395721293381,-0.8160568452406033
