iter,grad
1,[ 0.         19.10566005]
2,[0. 0.]
3,[ 0.         44.00303784]
4,[0. 0.]
5,[  0.         -16.63824516]
6,[0. 0.]
