iter,fitness,timestep,solution
1,-50.707306419327075,21:04:54.555,0.505550166560301,-1.305870011460604
