iter,fitness,timestep,solution
1,-58.47637388237651,21:04:54.232,0.9759655556422011,1.029070992280892
