iter,fitness,timestep,solution
1,-49.71203383115787,21:04:54.229,-1.0395612510552423,1.7449259958425345
