iter,fitness,timestep,solution
1,-50.658144959179594,21:04:54.453,1.908964650931261,1.7728675640323623
