iter,fitness,timestep,solution
1,-12.168918338301168,14:07:11.256,-1.2182320694594209,-1.451224951804467
