iter,fitness,timestep,solution
1,-79.9093261242701,21:04:54.453,0.818257411005888,0.49723630374878347
