iter,fitness,timestep,solution
1,-43.621159426097186,21:04:54.453,1.4793916964134954,-1.221831490551856
