iter,grad
1,[1.00000034]
2,[1.00000034]
3,[1.00000034]
4,[1.00000034]
4,[-15.6639042]
4,[0.]
