iter,grad
1,[0.99999997]
2,[0.99999997]
3,[0.99999997]
4,[0.99999997]
4,[-15.66388673]
4,[0.]
