iter,fitness,timestep,solution
1,-12.664536239794899,12:28:38.427,0.5980437010964517,1.4366765655056808
