iter,fitness,timestep,solution
1,-19.977331531067524,12:28:38.523,0.6068557812753559,0.33294151911547987
