iter,fitness,timestep,solution
1,-12.168918338301168,12:28:38.418,-0.9898848967047704,-0.8972256593850165
