iter,fitness,timestep,solution
1,-11.150513991965546,12:28:38.490,1.557685731885305,-0.4580891836331167
2,-12.664536239794899,12:30:26.123,1.557685731885305,1.284207931511894
