iter,fitness,timestep,solution
1,-10.905289856524297,12:28:38.388,1.8609418670967153,-1.4756290962171543
