iter,fitness,timestep,solution
1,-12.168918338301168,12:28:38.458,-0.9897983728184873,-0.7877650187837809
