iter,fitness,timestep,solution
1,-12.664536239794899,12:28:38.395,1.0763459880052904,1.9298003207740275
