iter,grad
1,[-0.13]
2,[-0.13]
3,[-0.13]
3,[-0.13000002]
3,[-0.13000003]
3,[-0.13000003]
