iter,fitness,timestep,solution
1,113287.5,00:36:12.693,287.5
2,113287.63,00:37:17.089,287.63
3,113287.50254234472,00:38:26.393,287.502542344728
