iter,fitness,solution
1,-58.47637388237651,1.1409375000000002,1.1409375000000002
2,-43.621159426097186,1.1409375000000002,-1.54947
3,-79.9093261242701,1.1409375000000002,0.3551289313036813
