iter,fitness,solution
1,-48.67567335320467,-1.54947,-1.54947
