iter,fitness,solution
1,-60.30561268937786,-0.20426624999999987,-0.20426624999999987
