iter,fitness,solution
1,-48.67567335320467,-0.6526675,-0.6526675
