iter,fitness,solution
1,-48.67567335320467,-1.10106875,-1.10106875
