iter,fitness,solution
1,-50.658144959179594,2.03774,2.03774
