Buffer_Size,Dump,SoC_Violations,Buffer_Size_Obj
14546.327622122082,80.0,480.0,14546.327622122082
13992.599306276861,80.0,487.0,13992.599306276861
13764.085235050237,80.0,491.0,13764.085235050237
501.1627247618175,80.0,526.0,501.1627247618175
