iter,fitness,timestep,solution
1,43.54914505612344,16:10:08.358,43.0,73.0,73.0,67.0,73.0
2,43.54914505612344,16:11:42.401,42.674211803313554,73.0,73.0,66.99876281159986,73.0
3,43.54914505612344,16:13:15.328,42.93124685315966,73.0,73.0,66.99973890829499,73.0
4,43.54914505612344,16:14:50.468,42.98549058790795,73.0,73.0,66.99994490016361,73.0
5,43.54914505612344,16:16:31.488,42.996937986856864,73.0,73.0,66.9999883719325,73.0
6,43.54914505612344,16:18:23.478,42.999353803970195,73.0,73.0,66.99999754605525,73.0
7,43.54914505612344,16:20:23.910,42.999863629158526,73.0,73.0,66.9999994821285,73.0
