iter,fitness,timestep,solution
1,33.71283469971763,16:10:08.272,38.875,45.625,45.625,61.375,45.625
2,33.71283469971763,16:11:40.608,37.775,45.625,45.625,61.375,45.625
3,33.71283469971763,16:13:10.803,38.642860032089594,45.625,45.625,61.375,45.625
4,33.71283469971763,16:14:44.876,38.8260100320896,45.625,45.625,61.375,45.625
5,33.71283469971763,16:16:25.854,38.86466133674668,45.625,45.625,61.375,45.625
6,33.71283469971763,16:18:14.138,38.87281816640376,45.625,45.625,61.375,45.625
7,33.71283469971763,16:20:17.605,38.87453955383544,45.625,45.625,61.375,45.625
8,33.71283469971763,16:23:43.034,38.874979493415616,45.625,45.625,61.375,45.625
