iter,fitness,timestep,solution
1,43.247106716508505,16:10:08.282,41.625,63.875,63.875,65.125,63.875
2,43.247106716508505,16:11:39.310,41.26900796935206,63.875,63.875,65.125,63.875
3,43.247106716508505,16:13:07.217,41.54987274675366,63.875,63.875,65.125,63.875
4,43.247106716508505,16:14:40.166,41.609145419856546,63.875,63.875,65.125,63.875
5,43.247106716508505,16:16:22.217,41.621654107522055,63.875,63.875,65.125,63.875
6,43.247106716508505,16:18:11.302,41.62429389511595,63.875,63.875,65.125,63.875
7,43.247106716508505,16:20:10.948,41.624850986213524,63.875,63.875,65.125,63.875
