iter,fitness,timestep,solution
1,35.565928435802505,16:10:10.268,36.125,27.375,27.375,57.625,27.375
2,35.565928435802505,16:11:45.117,36.33272830040032,27.375,27.375,56.525,27.375
3,35.565928435802505,16:13:17.912,36.16883821908092,27.375,27.375,57.3928600320896,27.375
4,35.565928435802505,16:14:53.799,36.134251457064266,27.375,27.375,57.5760100320896,27.375
5,35.565928435802505,16:16:37.739,36.126952393587295,27.375,27.375,57.61466133674668,27.375
6,35.565928435802505,16:18:26.991,36.125412025986094,27.375,27.375,57.62281816640376,27.375
7,35.565928435802505,16:20:36.569,36.125086952453806,27.375,27.375,57.62453955383544,27.375
