iter,fitness,timestep,solution
1,105298.38373711533,15:19:47.965,298.38373711533495
2,105298.43373711534,15:20:53.896,298.43373711533496
3,105298.38413714114,15:21:59.516,298.3841371411447
