iter,grad
1,[-1.02]
2,[-1.02]
3,[-1.02]
4,[-1.02]
5,[-1.02]
5,[-1.02000001]
5,[-1.02000001]
5,[-1.02000001]
5,[-1.02000001]
