iter,grad
1,[-0.5]
2,[-0.5]
3,[-0.5]
4,[-0.5]
4,[-0.50000002]
4,[-0.50000002]
4,[-0.50000002]
4,[-0.50000002]
