iter,grad
1,[-23.07890195 -55.42139786]
2,[0. 0.]
3,[0. 0.]
