iter,fitness,timestep,solution
1,-16.46008953449256,14:29:34.792,-0.881315507143905,0.8556377571870661
