iter,fitness,timestep,solution
1,-12.168918338301168,14:29:34.790,-1.2182320694594209,-1.451224951804467
