iter,fitness,timestep,solution
1,-12.428008457789467,14:29:34.790,-1.023025800901944,1.6005216489959633
