iter,fitness,timestep,solution
1,-12.168918338301168,14:29:34.787,-0.4649395721293381,-0.8160568452406033
