iter,fitness,timestep,solution
1,-12.168918338301168,13:17:09.468,-0.8856929228855428,-0.9624763083513762
