iter,fitness,timestep,solution
1,-50.658144959179594,18:07:24.872,1.054808886278272,1.6689181403219036
