iter,fitness,timestep,solution
1,-12.168918338301168,13:17:09.413,-0.6157203458536039,-1.26408028470394
