iter,fitness,timestep,solution
1,-50.707306419327075,18:07:24.953,0.5944632063843196,-1.4052594552308317
