iter,fitness,timestep,solution
1,-79.9093261242701,18:07:24.953,0.8524417368506549,0.5439886547894348
