iter,fitness,timestep,solution
1,-12.664536239794899,13:17:09.470,1.870045219930431,1.609528228698756
