iter,fitness,timestep,solution
1,-80.43829274217825,18:07:24.990,-0.6978355793333826,0.4839310348511252
