iter,fitness,timestep,solution
1,-48.67567335320467,18:07:25.708,-0.7208889752511018,-1.4668960688533264
