iter,fitness,timestep,solution
1,-43.621159426097186,18:07:24.986,1.1038167479611158,-1.3038637983466095
