iter,fitness,timestep,solution
1,-43.621159426097186,18:07:24.639,0.9525443037572163,-0.7680558676461068
